<keymap version="1" name="Windows copy" parent="$default">
  <action id="CollapseAll">
    <keyboard-shortcut first-keystroke="ctrl minus" />
  </action>
  <action id="CollapseExpandableComponent">
    <keyboard-shortcut first-keystroke="shift enter" />
    <keyboard-shortcut first-keystroke="ctrl minus" />
  </action>
  <action id="CollapseRegion">
    <keyboard-shortcut first-keystroke="ctrl minus" />
  </action>
  <action id="EditorDecreaseFontSize">
    <keyboard-shortcut first-keystroke="ctrl subtract" />
    <mouse-shortcut keystroke="control button142" />
  </action>
  <action id="EditorDownWithSelection" />
  <action id="EditorIncreaseFontSize">
    <keyboard-shortcut first-keystroke="ctrl add" />
    <mouse-shortcut keystroke="control button143" />
  </action>
  <action id="EditorLeftWithSelection" />
  <action id="EditorLineEnd">
    <keyboard-shortcut first-keystroke="shift right" />
  </action>
  <action id="EditorLineEndWithSelection" />
  <action id="EditorLineStart">
    <keyboard-shortcut first-keystroke="shift left" />
  </action>
  <action id="EditorMoveToPageBottom">
    <keyboard-shortcut first-keystroke="shift down" />
  </action>
  <action id="EditorMoveToPageTop">
    <keyboard-shortcut first-keystroke="shift up" />
  </action>
  <action id="EditorMoveToPageTopWithSelection" />
  <action id="EditorRightWithSelection" />
  <action id="EditorUpWithSelection" />
  <action id="ExpandAll">
    <keyboard-shortcut first-keystroke="ctrl equals" />
  </action>
  <action id="ExpandExpandableComponent">
    <keyboard-shortcut first-keystroke="shift enter" />
    <keyboard-shortcut first-keystroke="ctrl equals" />
  </action>
  <action id="ExpandRecursively">
    <keyboard-shortcut first-keystroke="ctrl equals" />
  </action>
  <action id="ExpandRegion">
    <keyboard-shortcut first-keystroke="ctrl equals" />
  </action>
  <action id="ExternalSystem.CollapseAll">
    <keyboard-shortcut first-keystroke="ctrl minus" />
  </action>
  <action id="ExternalSystem.ExpandAll">
    <keyboard-shortcut first-keystroke="ctrl equals" />
  </action>
  <action id="Images.Editor.ZoomIn">
    <keyboard-shortcut first-keystroke="ctrl equals" />
  </action>
  <action id="Images.Editor.ZoomOut">
    <keyboard-shortcut first-keystroke="ctrl minus" />
  </action>
  <action id="List-selectNextColumnExtendSelection" />
  <action id="Run">
    <keyboard-shortcut first-keystroke="shift r" />
  </action>
  <action id="Table-selectNextColumnExtendSelection" />
  <action id="Table-selectPreviousColumnExtendSelection" />
  <action id="Table-selectPreviousRowExtendSelection" />
  <action id="Terminal.ExpandBlockSelectionAbove" />
  <action id="Tree-selectParentExtendSelection" />
  <action id="Tree-selectPreviousExtendSelection" />
</keymap>